
{
	"allowSleep" : true,
	"autoClearForces" : true,
	"body" : 
	[
		
		{
			"angle" : 0,
			"angularVelocity" : 0,
			"awake" : true,
			"fixture" : 
			[
				
				{
					"chain" : 
					{
						"vertices" : 
						{
							"x" : [ -23.74248886108398, 344.9301147460938 ],
							"y" : [ 0.3724937438964844, 0.3724937438964844 ]
						}
					},
					"density" : 1,
					"friction" : 0.2,
					"name" : "groundfixture"
				}
			],
			"linearVelocity" : 0,
			"name" : "ground",
			"position" : 
			{
				"x" : -0.06050420552492142,
				"y" : -6.093187332153320
			},
			"type" : 0
		},
		
		{
			"angle" : 0,
			"angularVelocity" : 0,
			"awake" : true,
			"fixture" : 
			[
				
				{
					"density" : 1,
					"friction" : 0.2,
					"name" : "bodyfixture",
					"polygon" : 
					{
						"vertices" : 
						{
							"x" : [ 18.05414390563965, -8.555200576782227, -8.482633590698242 ],
							"y" : [ -1.742272377014160, 3.802454948425293, -1.842392921447754 ]
						}
					}
				}
			],
			"linearVelocity" : 0,
			"massData-I" : 3077.632324218750,
			"massData-center" : 
			{
				"x" : 0.3387700021266937,
				"y" : 0.07259652763605118
			},
			"massData-mass" : 74.90167236328125,
			"name" : "body",
			"position" : 
			{
				"x" : -3.164904594421387,
				"y" : 4.136620521545410
			},
			"type" : 2
		},
		
		{
			"angle" : 0,
			"angularVelocity" : 0,
			"awake" : true,
			"fixture" : 
			[
				
				{
					"circle" : 
					{
						"center" : 
						{
							"x" : 3.814697265625000e-06,
							"y" : -3.576278686523438e-07
						},
						"radius" : 1.478262186050415
					},
					"density" : 1,
					"friction" : 5,
					"name" : "frontwheelfixture",
					"restitution" : 0.1
				}
			],
			"linearVelocity" : 0,
			"massData-I" : 7.501114368438721,
			"massData-center" : 
			{
				"x" : 3.814697265625000e-06,
				"y" : -3.576278970740532e-07
			},
			"massData-mass" : 6.865194320678711,
			"name" : "frontwheelbody",
			"position" : 
			{
				"x" : 12.01069641113281,
				"y" : 1.552919268608093
			},
			"type" : 2
		},
		
		{
			"angle" : 0,
			"angularVelocity" : 0,
			"awake" : true,
			"fixture" : 
			[
				
				{
					"circle" : 
					{
						"center" : 
						{
							"x" : 1.907348632812500e-06,
							"y" : -1.192092895507812e-07
						},
						"radius" : 1.852209687232971
					},
					"density" : 1,
					"friction" : 5,
					"name" : "rearwheelfixture",
					"restitution" : 0.1
				}
			],
			"linearVelocity" : 0,
			"massData-I" : 18.48759841918945,
			"massData-center" : 
			{
				"x" : 1.907348632812500e-06,
				"y" : -1.192092895507812e-07
			},
			"massData-mass" : 10.77780151367188,
			"name" : "rearwheelbody",
			"position" : 
			{
				"x" : -9.584074020385742,
				"y" : 1.398279786109924
			},
			"type" : 2
		}
	],
	"collisionbitplanes" : 
	{
		"names" : 
		[
			"bitplane1",
			"bitplane2",
			"bitplane3",
			"bitplane4",
			"bitplane5",
			"bitplane6",
			"bitplane7",
			"bitplane8",
			"bitplane9",
			"bitplane10",
			"bitplane11",
			"bitplane12",
			"bitplane13",
			"bitplane14",
			"bitplane15",
			"bitplane16",
			"bitplane17",
			"bitplane18",
			"bitplane19",
			"bitplane20",
			"bitplane21",
			"bitplane22",
			"bitplane23",
			"bitplane24",
			"bitplane25",
			"bitplane26",
			"bitplane27",
			"bitplane28",
			"bitplane29",
			"bitplane30",
			"bitplane31",
			"bitplane32"
		]
	},
	"continuousPhysics" : true,
	"gravity" : 
	{
		"x" : 0,
		"y" : -10
	},
	"image" : 
	[
		
		{
			"aspectScale" : 1,
			"body" : 1,
			"center" : 
			{
				"x" : 4.128406524658203,
				"y" : 3.333100080490112
			},
			"corners" : 
			{
				"x" : 
				[
					-4.409703254699707,
					12.66651630401611,
					12.66651630401611,
					-4.409703254699707
				],
				"y" : 
				[
					-5.205009460449219,
					-5.205009460449219,
					11.87121009826660,
					11.87121009826660
				]
			},
			"file" : "../sprites/cars/bluebody1.png",
			"filter" : 1,
			"glDrawElements" : [ 0, 1, 2, 2, 3, 0 ],
			"glTexCoordPointer" : [ 0.0, 0.0, 1, 0.0, 1, 1, 0.0, 1 ],
			"glVertexPointer" : 
			[
				-4.409703254699707,
				-5.205009460449219,
				12.66651630401611,
				-5.205009460449219,
				12.66651630401611,
				11.87121009826660,
				-4.409703254699707,
				11.87121009826660
			],
			"name" : "image1",
			"opacity" : 0.5,
			"scale" : 17.07621955871582
		},
		
		{
			"aspectScale" : 1,
			"body" : 2,
			"center" : 
			{
				"x" : 4.768371582031250e-07,
				"y" : -5.960464477539062e-08
			},
			"corners" : 
			{
				"x" : 
				[
					-1.579365253448486,
					1.579366207122803,
					1.579366207122803,
					-1.579365253448486
				],
				"y" : 
				[
					-1.579365730285645,
					-1.579365730285645,
					1.579365730285645,
					1.579365730285645
				]
			},
			"file" : "../sprites/cars/bluefrontwheel1.png",
			"filter" : 1,
			"glDrawElements" : [ 0, 1, 2, 2, 3, 0 ],
			"glTexCoordPointer" : [ 0.0, 0.0, 1, 0.0, 1, 1, 0.0, 1 ],
			"glVertexPointer" : 
			[
				-1.579365253448486,
				-1.579365730285645,
				1.579366207122803,
				-1.579365730285645,
				1.579366207122803,
				1.579365730285645,
				-1.579365253448486,
				1.579365730285645
			],
			"name" : "image3",
			"opacity" : 0.5,
			"scale" : 3.158731460571289
		},
		
		{
			"aspectScale" : 1,
			"body" : 3,
			"center" : 
			{
				"x" : 0.006370663642883301,
				"y" : 0.02657197415828705
			},
			"corners" : 
			{
				"x" : 
				[
					-2.019025802612305,
					2.031767368316650,
					2.031767368316650,
					-2.019025802612305
				],
				"y" : 
				[
					-1.998824596405029,
					-1.998824596405029,
					2.051968574523926,
					2.051968574523926
				]
			},
			"file" : "../sprites/cars/bluerearwheel1.png",
			"filter" : 1,
			"glDrawElements" : [ 0, 1, 2, 2, 3, 0 ],
			"glTexCoordPointer" : [ 0.0, 0.0, 1, 0.0, 1, 1, 0.0, 1 ],
			"glVertexPointer" : 
			[
				-2.019025802612305,
				-1.998824596405029,
				2.031767368316650,
				-1.998824596405029,
				2.031767368316650,
				2.051968574523926,
				-2.019025802612305,
				2.051968574523926
			],
			"name" : "image0",
			"opacity" : 0.5,
			"scale" : 4.050793170928955
		}
	],
	"joint" : 
	[
		
		{
			"anchorA" : 
			{
				"x" : 15.17559051513672,
				"y" : -2.583701133728027
			},
			"anchorB" : 
			{
				"x" : 0,
				"y" : -1.192092895507812e-07
			},
			"bodyA" : 1,
			"bodyB" : 2,
			"enableMotor" : false,
			"localAxisA" : 
			{
				"x" : 0,
				"y" : 1
			},
			"maxMotorTorque" : 0,
			"motorSpeed" : 0,
			"name" : "frontjoint",
			"springDampingRatio" : 0.7,
			"springFrequency" : 4,
			"type" : "wheel"
		},
		
		{
			"anchorA" : 
			{
				"x" : -6.419180870056152,
				"y" : -2.738334894180298
			},
			"anchorB" : 0,
			"bodyA" : 1,
			"bodyB" : 3,
			"enableMotor" : true,
			"localAxisA" : 
			{
				"x" : 0,
				"y" : 1
			},
			"maxMotorTorque" : 20.0,
			"motorSpeed" : 0.01745329238474369,
			"name" : "rearjoint",
			"springDampingRatio" : 0.7,
			"springFrequency" : 4,
			"type" : "wheel"
		}
	],
	"positionIterations" : 3,
	"stepsPerSecond" : 60.0,
	"subStepping" : false,
	"velocityIterations" : 8,
	"warmStarting" : true
}
