
{
	"allowSleep" : true,
	"autoClearForces" : true,
	"body" : 
	[
		
		{
			"angle" : 0,
			"angularVelocity" : 0,
			"awake" : true,
			"fixture" : 
			[
				
				{
					"density" : 1,
					"friction" : 0.2,
					"name" : "box_fixture",
					"polygon" : 
					{
						"vertices" : 
						{
							"x" : 
							[
								0.2744493484497070,
								0.2744493484497070,
								-0.2744493484497070,
								-0.2744493484497070
							],
							"y" : 
							[
								-0.2744493782520294,
								0.2744493782520294,
								0.2744493782520294,
								-0.2744493782520294
							]
						}
					}
				}
			],
			"linearVelocity" : 0,
			"massData-I" : 0.01512925885617733,
			"massData-center" : 
			{
				"x" : -8.686110164468630e-010,
				"y" : 3.465724651707802e-010
			},
			"massData-mass" : 0.3012898266315460,
			"name" : "box_body",
			"position" : 
			{
				"x" : 7.889304161071777,
				"y" : -0.8883739113807678
			},
			"type" : 2
		},
		
		{
			"angle" : 0,
			"angularVelocity" : 0,
			"awake" : true,
			"fixture" : 
			[
				
				{
					"density" : 1,
					"friction" : 0.2,
					"name" : "box_fixture",
					"polygon" : 
					{
						"vertices" : 
						{
							"x" : 
							[
								0.3415784835815430,
								0.3415784835815430,
								-0.3415789604187012,
								-0.3415789604187012
							],
							"y" : 
							[
								-0.3415787220001221,
								0.3415786027908325,
								0.3415786027908325,
								-0.3415787220001221
							]
						}
					}
				}
			],
			"linearVelocity" : 0,
			"massData-I" : 0.03630210459232330,
			"massData-center" : 
			{
				"x" : -2.382291768299183e-007,
				"y" : -6.145431541426660e-008
			},
			"massData-mass" : 0.4667040109634399,
			"name" : "box_body",
			"position" : 
			{
				"x" : 7.860449790954590,
				"y" : -2.331089973449707
			},
			"type" : 2
		},
		
		{
			"angle" : 0,
			"angularVelocity" : 0,
			"awake" : true,
			"fixture" : 
			[
				
				{
					"density" : 1,
					"friction" : 0.2,
					"name" : "chasis_fixture",
					"polygon" : 
					{
						"vertices" : 
						{
							"x" : [ 1.527681589126587, -1.314167141914368, -1.308086156845093 ],
							"y" : [ -0.5290428400039673, 0.01950767636299133, -0.5485508441925049 ]
						}
					}
				}
			],
			"linearVelocity" : 0,
			"massData-I" : 0.5820239186286926,
			"massData-center" : 
			{
				"x" : -0.3648572564125061,
				"y" : -0.3526953458786011
			},
			"massData-mass" : 0.8055003285408020,
			"name" : "chasis_body",
			"position" : 0,
			"type" : 2
		},
		
		{
			"angle" : 0,
			"angularVelocity" : 0,
			"awake" : true,
			"fixture" : 
			[
				
				{
					"density" : 1,
					"friction" : 0.2,
					"name" : "box_fixture",
					"polygon" : 
					{
						"vertices" : 
						{
							"x" : 
							[
								0.3100938796997070,
								0.3100938796997070,
								-0.3100929260253906,
								-0.3100929260253906
							],
							"y" : 
							[
								-0.3100931644439697,
								0.3100931644439697,
								0.3100931644439697,
								-0.3100931644439697
							]
						}
					}
				}
			],
			"linearVelocity" : 0,
			"massData-I" : 0.02465688437223434,
			"massData-center" : 
			{
				"x" : 4.760339891163312e-007,
				"y" : 1.918511599585671e-010
			},
			"massData-mass" : 0.3846313655376434,
			"name" : "box_body",
			"position" : 
			{
				"x" : 7.860449790954590,
				"y" : -1.552027225494385
			},
			"type" : 2
		},
		
		{
			"angle" : 0,
			"angularVelocity" : 0,
			"awake" : true,
			"fixture" : 
			[
				
				{
					"circle" : 
					{
						"center" : 0,
						"radius" : 0.1221103146672249
					},
					"density" : 1,
					"friction" : 5,
					"name" : "frontwheel_fixture"
				}
			],
			"linearVelocity" : 0,
			"massData-I" : 0.0003492442774586380,
			"massData-mass" : 0.04684406518936157,
			"name" : "frontwheel_body",
			"position" : 
			{
				"x" : 1.237791776657105,
				"y" : -0.6004207134246826
			},
			"type" : 2
		},
		
		{
			"angle" : 0,
			"angularVelocity" : 0,
			"awake" : true,
			"fixture" : 
			[
				
				{
					"circle" : 
					{
						"center" : 0,
						"radius" : 0.1806835383176804
					},
					"density" : 1,
					"friction" : 5,
					"name" : "rearwheel_fixture"
				}
			],
			"linearVelocity" : 0,
			"massData-I" : 0.001674149534665048,
			"massData-mass" : 0.1025621369481087,
			"name" : "rearwheel_body",
			"position" : 
			{
				"x" : -1.098548531532288,
				"y" : -0.6054804325103760
			},
			"type" : 2
		},
		
		{
			"angle" : 0,
			"angularVelocity" : 0,
			"awake" : true,
			"fixture" : 
			[
				
				{
					"chain" : 
					{
						"vertices" : 
						{
							"x" : 
							[
								-3.652366161346436,
								11.73659038543701,
								13.80383491516113,
								16.21330070495606
							],
							"y" : [ 0.0, 0.0, 1.588339447975159, 4.877449035644531 ]
						}
					},
					"density" : 1,
					"friction" : 0.2,
					"name" : "ground_fixture"
				}
			],
			"linearVelocity" : 0,
			"name" : "ground_body",
			"position" : 
			{
				"x" : 0.03842425346374512,
				"y" : -2.925325870513916
			},
			"type" : 0
		}
	],
	"collisionbitplanes" : 
	{
		"names" : 
		[
			"bitplane1",
			"bitplane2",
			"bitplane3",
			"bitplane4",
			"bitplane5",
			"bitplane6",
			"bitplane7",
			"bitplane8",
			"bitplane9",
			"bitplane10",
			"bitplane11",
			"bitplane12",
			"bitplane13",
			"bitplane14",
			"bitplane15",
			"bitplane16",
			"bitplane17",
			"bitplane18",
			"bitplane19",
			"bitplane20",
			"bitplane21",
			"bitplane22",
			"bitplane23",
			"bitplane24",
			"bitplane25",
			"bitplane26",
			"bitplane27",
			"bitplane28",
			"bitplane29",
			"bitplane30",
			"bitplane31",
			"bitplane32"
		]
	},
	"continuousPhysics" : true,
	"gravity" : 
	{
		"x" : 0,
		"y" : -10
	},
	"image" : 
	[
		
		{
			"aspectScale" : 1,
			"body" : 4,
			"center" : 0,
			"corners" : 
			{
				"x" : 
				[
					-0.1333333402872086,
					0.1333333402872086,
					0.1333333402872086,
					-0.1333333402872086
				],
				"y" : 
				[
					-0.1333333402872086,
					-0.1333333402872086,
					0.1333333402872086,
					0.1333333402872086
				]
			},
			"file" : "../sprites/cars/bluefrontwheel.png",
			"filter" : 0,
			"glDrawElements" : [ 0, 1, 2, 2, 3, 0 ],
			"glTexCoordPointer" : [ 0.0, 0.0, 1, 0.0, 1, 1, 0.0, 1 ],
			"glVertexPointer" : 
			[
				-0.1333333402872086,
				-0.1333333402872086,
				0.1333333402872086,
				-0.1333333402872086,
				0.1333333402872086,
				0.1333333402872086,
				-0.1333333402872086,
				0.1333333402872086
			],
			"name" : "frontwheel_image",
			"opacity" : 1,
			"scale" : 0.2666666805744171
		},
		
		{
			"aspectScale" : 1,
			"body" : 0,
			"center" : 0,
			"corners" : 
			{
				"x" : 
				[
					-0.2628529369831085,
					0.2628529369831085,
					0.2628529369831085,
					-0.2628529369831085
				],
				"y" : 
				[
					-0.2744493782520294,
					-0.2744493782520294,
					0.2744493782520294,
					0.2744493782520294
				]
			},
			"file" : "../sprites/boxes/box.png",
			"filter" : 0,
			"glDrawElements" : [ 0, 1, 2, 2, 3, 0 ],
			"glTexCoordPointer" : [ 0.0, 0.0, 1, 0.0, 1, 1, 0.0, 1 ],
			"glVertexPointer" : 
			[
				-0.2628529369831085,
				-0.2744493782520294,
				0.2628529369831085,
				-0.2744493782520294,
				0.2628529369831085,
				0.2744493782520294,
				-0.2628529369831085,
				0.2744493782520294
			],
			"name" : "box_0",
			"opacity" : 1,
			"scale" : 0.5488987565040588
		},
		
		{
			"aspectScale" : 1,
			"body" : 2,
			"center" : 0,
			"corners" : 
			{
				"x" : [ -2, 2, 2, -2 ],